Workbook

Sheet Summary
A1: Golden section search: summary of all five points (y = x^2 + 5)
A3: Point | B3: x0 | C3: y0 | D3: x* (golden section) | E3: d (golden section) | F3: Iterations | G3: x* (analytical, Python) | H3: d (analytical, Python)
A4: (0, 0) | B4: ='Point (0,0)'!B3 -> 0 | C4: ='Point (0,0)'!B4 -> 0 | D4: ='Point (0,0)'!F5 -> 5.1166377e-08 | E4: ='Point (0,0)'!F6 -> 5 | F4: ='Point (0,0)'!F7 -> 37 | G4: 0 | H4: 5
A5: (-4, 0) | B5: ='Point (-4,0)'!B3 -> -4 | C5: ='Point (-4,0)'!B4 -> 0 | D5: ='Point (-4,0)'!F5 -> -0.35546965 | E5: ='Point (-4,0)'!F6 -> 6.2898454 | F5: ='Point (-4,0)'!F7 -> 37 | G5: -0.35546969 | H5: 6.2898454
A6: (-8, 0) | B6: ='Point (-8,0)'!B3 -> -8 | C6: ='Point (-8,0)'!B4 -> 0 | D6: ='Point (-8,0)'!F5 -> -0.67207811 | E6: ='Point (-8,0)'!F6 -> 9.1334195 | F6: ='Point (-8,0)'!F7 -> 37 | G6: -0.67207813 | H6: 9.1334195
A7: (2, 0) | B7: ='Point (2,0)'!B3 -> 2 | C7: ='Point (2,0)'!B4 -> 0 | D7: ='Point (2,0)'!F5 -> 0.18074464 | E7: ='Point (2,0)'!F6 -> 5.3513964 | F7: ='Point (2,0)'!F7 -> 37 | G7: 0.1807446 | H7: 5.3513964
A8: (6, 0) | B8: ='Point (6,0)'!B3 -> 6 | C8: ='Point (6,0)'!B4 -> 0 | D8: ='Point (6,0)'!F5 -> 0.51990375 | E8: ='Point (6,0)'!F6 -> 7.6031254 | F8: ='Point (6,0)'!F7 -> 37 | G8: 0.51990366 | H8: 7.6031254
A10: Colour key: blue = input or hardcoded reference value, green = link to a point sheet, black = formula.

Sheet Point (0,0)
A1: Golden section search: shortest distance from (0, 0) to y = p x^2 + q x + s
A3: x0 (point) | B3: 0 | E3: phi | F3: =(1+SQRT(5))/2 -> 1.618034
A4: y0 (point) | B4: 0 | E4: r = 2 - phi | F4: =2-F3 -> 0.38196601
A5: p (x^2 coefficient) | B5: 1 | E5: Result x* = (a+b)/2 | F5: =(B62+C62)/2 -> 5.1166377e-08
A6: q (x coefficient) | B6: 0 | E6: Result d | F6: =SQRT((F5-$B$3)^2+($B$5*F5^2+$B$6*F5+$B$7-$B$4)^2) -> 5
A7: s (constant) | B7: 5 | E7: Iterations | F7: =COUNTIF(J13:J62,"no") -> 37
A8: a (initial left end) | B8: -2
A9: b (initial right end) | B9: 2
A10: tol | B10: 1e-07
A12: n | B12: a | C12: b | D12: b - a | E12: x1 = a + r(b - a) | F12: x2 = b - r(b - a) | G12: D(x1) | H12: D(x2) | I12: Keep | J12: Stopped?
A13: 0 | B13: =$B$8 -> -2 | C13: =$B$9 -> 2 | D13: =C13-B13 -> 4 | E13: =B13+$F$4*(C13-B13) -> -0.47213595 | F13: =C13-$F$4*(C13-B13) -> 0.47213595 | G13: =(E13-$B$3)^2+($B$5*E13^2+$B$6*E13+$B$7-$B$4)^2 -> 27.501726 | H13: =(F13-$B$3)^2+($B$5*F13^2+$B$6*F13+$B$7-$B$4)^2 -> 27.501726 | I13: =IF(J13="yes","-",IF(G13<H13,"left: b = x2","right: a = x1")) -> right: a = x1 | J13: =IF(D13<$B$10,"yes","no") -> no
A14: 1 | B14: =IF(J13="yes",B13,IF(G13<H13,B13,E13)) -> -0.47213595 | C14: =IF(J13="yes",C13,IF(G13<H13,F13,C13)) -> 2 | D14: =C14-B14 -> 2.472136 | E14: =B14+$F$4*(C14-B14) -> 0.47213595 | F14: =C14-$F$4*(C14-B14) -> 1.0557281 | G14: =(E14-$B$3)^2+($B$5*E14^2+$B$6*E14+$B$7-$B$4)^2 -> 27.501726 | H14: =(F14-$B$3)^2+($B$5*F14^2+$B$6*F14+$B$7-$B$4)^2 -> 38.502428 | I14: =IF(J14="yes","-",IF(G14<H14,"left: b = x2","right: a = x1")) -> left: b = x2 | J14: =IF(D14<$B$10,"yes","no") -> no
A15: 2 | B15: =IF(J14="yes",B14,IF(G14<H14,B14,E14)) -> -0.47213595 | C15: =IF(J14="yes",C14,IF(G14<H14,F14,C14)) -> 1.0557281 | D15: =C15-B15 -> 1.527864 | E15: =B15+$F$4*(C15-B15) -> 0.11145618 | F15: =C15-$F$4*(C15-B15) -> 0.47213595 | G15: =(E15-$B$3)^2+($B$5*E15^2+$B$6*E15+$B$7-$B$4)^2 -> 25.136802 | H15: =(F15-$B$3)^2+($B$5*F15^2+$B$6*F15+$B$7-$B$4)^2 -> 27.501726 | I15: =IF(J15="yes","-",IF(G15<H15,"left: b = x2","right: a = x1")) -> left: b = x2 | J15: =IF(D15<$B$10,"yes","no") -> no
A16: 3 | B16: =IF(J15="yes",B15,IF(G15<H15,B15,E15)) -> -0.47213595 | C16: =IF(J15="yes",C15,IF(G15<H15,F15,C15)) -> 0.47213595 | D16: =C16-B16 -> 0.94427191 | E16: =B16+$F$4*(C16-B16) -> -0.11145618 | F16: =C16-$F$4*(C16-B16) -> 0.11145618 | G16: =(E16-$B$3)^2+($B$5*E16^2+$B$6*E16+$B$7-$B$4)^2 -> 25.136802 | H16: =(F16-$B$3)^2+($B$5*F16^2+$B$6*F16+$B$7-$B$4)^2 -> 25.136802 | I16: =IF(J16="yes","-",IF(G16<H16,"left: b = x2","right: a = x1")) -> right: a = x1 | J16: =IF(D16<$B$10,"yes","no") -> no
A17: 4 | B17: =IF(J16="yes",B16,IF(G16<H16,B16,E16)) -> -0.11145618 | C17: =IF(J16="yes",C16,IF(G16<H16,F16,C16)) -> 0.47213595 | D17: =C17-B17 -> 0.58359214 | E17: =B17+$F$4*(C17-B17) -> 0.11145618 | F17: =C17-$F$4*(C17-B17) -> 0.24922359 | G17: =(E17-$B$3)^2+($B$5*E17^2+$B$6*E17+$B$7-$B$4)^2 -> 25.136802 | H17: =(F17-$B$3)^2+($B$5*F17^2+$B$6*F17+$B$7-$B$4)^2 -> 25.687094 | I17: =IF(J17="yes","-",IF(G17<H17,"left: b = x2","right: a = x1")) -> left: b = x2 | J17: =IF(D17<$B$10,"yes","no") -> no
A18: 5 | B18: =IF(J17="yes",B17,IF(G17<H17,B17,E17)) -> -0.11145618 | C18: =IF(J17="yes",C17,IF(G17<H17,F17,C17)) -> 0.24922359 | D18: =C18-B18 -> 0.36067977 | E18: =B18+$F$4*(C18-B18) -> 0.026311235 | F18: =C18-$F$4*(C18-B18) -> 0.11145618 | G18: =(E18-$B$3)^2+($B$5*E18^2+$B$6*E18+$B$7-$B$4)^2 -> 25.007616 | H18: =(F18-$B$3)^2+($B$5*F18^2+$B$6*F18+$B$7-$B$4)^2 -> 25.136802 | I18: =IF(J18="yes","-",IF(G18<H18,"left: b = x2","right: a = x1")) -> left: b = x2 | J18: =IF(D18<$B$10,"yes","no") -> no
A19: 6 | B19: =IF(J18="yes",B18,IF(G18<H18,B18,E18)) -> -0.11145618 | C19: =IF(J18="yes",C18,IF(G18<H18,F18,C18)) -> 0.11145618 | D19: =C19-B19 -> 0.22291236 | E19: =B19+$F$4*(C19-B19) -> -0.026311235 | F19: =C19-$F$4*(C19-B19) -> 0.026311235 | G19: =(E19-$B$3)^2+($B$5*E19^2+$B$6*E19+$B$7-$B$4)^2 -> 25.007616 | H19: =(F19-$B$3)^2+($B$5*F19^2+$B$6*F19+$B$7-$B$4)^2 -> 25.007616 | I19: =IF(J19="yes","-",IF(G19<H19,"left: b = x2","right: a = x1")) -> right: a = x1 | J19: =IF(D19<$B$10,"yes","no") -> no
A20: 7 | B20: =IF(J19="yes",B19,IF(G19<H19,B19,E19)) -> -0.026311235 | C20: =IF(J19="yes",C19,IF(G19<H19,F19,C19)) -> 0.11145618 | D20: =C20-B20 -> 0.13776741 | E20: =B20+$F$4*(C20-B20) -> 0.026311235 | F20: =C20-$F$4*(C20-B20) -> 0.05883371 | G20: =(E20-$B$3)^2+($B$5*E20^2+$B$6*E20+$B$7-$B$4)^2 -> 25.007616 | H20: =(F20-$B$3)^2+($B$5*F20^2+$B$6*F20+$B$7-$B$4)^2 -> 25.038087 | I20: =IF(J20="yes","-",IF(G20<H20,"left: b = x2","right: a = x1")) -> left: b = x2 | J20: =IF(D20<$B$10,"yes","no") -> no
A21: 8 | B21: =IF(J20="yes",B20,IF(G20<H20,B20,E20)) -> -0.026311235 | C21: =IF(J20="yes",C20,IF(G20<H20,F20,C20)) -> 0.05883371 | D21: =C21-B21 -> 0.085144945 | E21: =B21+$F$4*(C21-B21) -> 0.00621124 | F21: =C21-$F$4*(C21-B21) -> 0.026311235 | G21: =(E21-$B$3)^2+($B$5*E21^2+$B$6*E21+$B$7-$B$4)^2 -> 25.000424 | H21: =(F21-$B$3)^2+($B$5*F21^2+$B$6*F21+$B$7-$B$4)^2 -> 25.007616 | I21: =IF(J21="yes","-",IF(G21<H21,"left: b = x2","right: a = x1")) -> left: b = x2 | J21: =IF(D21<$B$10,"yes","no") -> no
A22: 9 | B22: =IF(J21="yes",B21,IF(G21<H21,B21,E21)) -> -0.026311235 | C22: =IF(J21="yes",C21,IF(G21<H21,F21,C21)) -> 0.026311235 | D22: =C22-B22 -> 0.05262247 | E22: =B22+$F$4*(C22-B22) -> -0.00621124 | F22: =C22-$F$4*(C22-B22) -> 0.00621124 | G22: =(E22-$B$3)^2+($B$5*E22^2+$B$6*E22+$B$7-$B$4)^2 -> 25.000424 | H22: =(F22-$B$3)^2+($B$5*F22^2+$B$6*F22+$B$7-$B$4)^2 -> 25.000424 | I22: =IF(J22="yes","-",IF(G22<H22,"left: b = x2","right: a = x1")) -> right: a = x1 | J22: =IF(D22<$B$10,"yes","no") -> no
A23: 10 | B23: =IF(J22="yes",B22,IF(G22<H22,B22,E22)) -> -0.00621124 | C23: =IF(J22="yes",C22,IF(G22<H22,F22,C22)) -> 0.026311235 | D23: =C23-B23 -> 0.032522475 | E23: =B23+$F$4*(C23-B23) -> 0.00621124 | F23: =C23-$F$4*(C23-B23) -> 0.013888755 | G23: =(E23-$B$3)^2+($B$5*E23^2+$B$6*E23+$B$7-$B$4)^2 -> 25.000424 | H23: =(F23-$B$3)^2+($B$5*F23^2+$B$6*F23+$B$7-$B$4)^2 -> 25.002122 | I23: =IF(J23="yes","-",IF(G23<H23,"left: b = x2","right: a = x1")) -> left: b = x2 | J23: =IF(D23<$B$10,"yes","no") -> no
A24: 11 | B24: =IF(J23="yes",B23,IF(G23<H23,B23,E23)) -> -0.00621124 | C24: =IF(J23="yes",C23,IF(G23<H23,F23,C23)) -> 0.013888755 | D24: =C24-B24 -> 0.020099995 | E24: =B24+$F$4*(C24-B24) -> 0.0014662749 | F24: =C24-$F$4*(C24-B24) -> 0.00621124 | G24: =(E24-$B$3)^2+($B$5*E24^2+$B$6*E24+$B$7-$B$4)^2 -> 25.000024 | H24: =(F24-$B$3)^2+($B$5*F24^2+$B$6*F24+$B$7-$B$4)^2 -> 25.000424 | I24: =IF(J24="yes","-",IF(G24<H24,"left: b = x2","right: a = x1")) -> left: b = x2 | J24: =IF(D24<$B$10,"yes","no") -> no
A25: 12 | B25: =IF(J24="yes",B24,IF(G24<H24,B24,E24)) -> -0.00621124 | C25: =IF(J24="yes",C24,IF(G24<H24,F24,C24)) -> 0.00621124 | D25: =C25-B25 -> 0.01242248 | E25: =B25+$F$4*(C25-B25) -> -0.0014662749 | F25: =C25-$F$4*(C25-B25) -> 0.0014662749 | G25: =(E25-$B$3)^2+($B$5*E25^2+$B$6*E25+$B$7-$B$4)^2 -> 25.000024 | H25: =(F25-$B$3)^2+($B$5*F25^2+$B$6*F25+$B$7-$B$4)^2 -> 25.000024 | I25: =IF(J25="yes","-",IF(G25<H25,"left: b = x2","right: a = x1")) -> right: a = x1 | J25: =IF(D25<$B$10,"yes","no") -> no
... A62: 49 | B62: =IF(J61="yes",B61,IF(G61<H61,B61,E61)) -> 1.4142039e-08 | C62: =IF(J61="yes",C61,IF(G61<H61,F61,C61)) -> 8.8190715e-08 | D62: =C62-B62 -> 7.4048677e-08 | E62: =B62+$F$4*(C62-B62) -> 4.2426116e-08 | F62: =C62-$F$4*(C62-B62) -> 5.9906638e-08 | G62: =(E62-$B$3)^2+($B$5*E62^2+$B$6*E62+$B$7-$B$4)^2 -> 25 | H62: =(F62-$B$3)^2+($B$5*F62^2+$B$6*F62+$B$7-$B$4)^2 -> 25 | I62: =IF(J62="yes","-",IF(G62<H62,"left: b = x2","right: a = x1")) -> - | J62: =IF(D62<$B$10,"yes","no") -> yes

Sheet Point (-4,0)
A1: Golden section search: shortest distance from (-4, 0) to y = p x^2 + q x + s
A3: x0 (point) | B3: -4 | E3: phi | F3: =(1+SQRT(5))/2 -> 1.618034
A4: y0 (point) | B4: 0 | E4: r = 2 - phi | F4: =2-F3 -> 0.38196601
A5: p (x^2 coefficient) | B5: 1 | E5: Result x* = (a+b)/2 | F5: =(B62+C62)/2 -> -0.35546965
A6: q (x coefficient) | B6: 0 | E6: Result d | F6: =SQRT((F5-$B$3)^2+($B$5*F5^2+$B$6*F5+$B$7-$B$4)^2) -> 6.2898454
A7: s (constant) | B7: 5 | E7: Iterations | F7: =COUNTIF(J13:J62,"no") -> 37
A8: a (initial left end) | B8: -2
A9: b (initial right end) | B9: 2
A10: tol | B10: 1e-07
A12: n | B12: a | C12: b | D12: b - a | E12: x1 = a + r(b - a) | F12: x2 = b - r(b - a) | G12: D(x1) | H12: D(x2) | I12: Keep | J12: Stopped?
A13: 0 | B13: =$B$8 -> -2 | C13: =$B$9 -> 2 | D13: =C13-B13 -> 4 | E13: =B13+$F$4*(C13-B13) -> -0.47213595 | F13: =C13-$F$4*(C13-B13) -> 0.47213595 | G13: =(E13-$B$3)^2+($B$5*E13^2+$B$6*E13+$B$7-$B$4)^2 -> 39.724638 | H13: =(F13-$B$3)^2+($B$5*F13^2+$B$6*F13+$B$7-$B$4)^2 -> 47.278814 | I13: =IF(J13="yes","-",IF(G13<H13,"left: b = x2","right: a = x1")) -> left: b = x2 | J13: =IF(D13<$B$10,"yes","no") -> no
A14: 1 | B14: =IF(J13="yes",B13,IF(G13<H13,B13,E13)) -> -2 | C14: =IF(J13="yes",C13,IF(G13<H13,F13,C13)) -> 0.47213595 | D14: =C14-B14 -> 2.472136 | E14: =B14+$F$4*(C14-B14) -> -1.0557281 | F14: =C14-$F$4*(C14-B14) -> -0.47213595 | G14: =(E14-$B$3)^2+($B$5*E14^2+$B$6*E14+$B$7-$B$4)^2 -> 46.056603 | H14: =(F14-$B$3)^2+($B$5*F14^2+$B$6*F14+$B$7-$B$4)^2 -> 39.724638 | I14: =IF(J14="yes","-",IF(G14<H14,"left: b = x2","right: a = x1")) -> right: a = x1 | J14: =IF(D14<$B$10,"yes","no") -> no
A15: 2 | B15: =IF(J14="yes",B14,IF(G14<H14,B14,E14)) -> -1.0557281 | C15: =IF(J14="yes",C14,IF(G14<H14,F14,C14)) -> 0.47213595 | D15: =C15-B15 -> 1.527864 | E15: =B15+$F$4*(C15-B15) -> -0.47213595 | F15: =C15-$F$4*(C15-B15) -> -0.11145618 | G15: =(E15-$B$3)^2+($B$5*E15^2+$B$6*E15+$B$7-$B$4)^2 -> 39.724638 | H15: =(F15-$B$3)^2+($B$5*F15^2+$B$6*F15+$B$7-$B$4)^2 -> 40.245152 | I15: =IF(J15="yes","-",IF(G15<H15,"left: b = x2","right: a = x1")) -> left: b = x2 | J15: =IF(D15<$B$10,"yes","no") -> no
A16: 3 | B16: =IF(J15="yes",B15,IF(G15<H15,B15,E15)) -> -1.0557281 | C16: =IF(J15="yes",C15,IF(G15<H15,F15,C15)) -> -0.11145618 | D16: =C16-B16 -> 0.94427191 | E16: =B16+$F$4*(C16-B16) -> -0.69504832 | F16: =C16-$F$4*(C16-B16) -> -0.47213595 | G16: =(E16-$B$3)^2+($B$5*E16^2+$B$6*E16+$B$7-$B$4)^2 -> 40.987005 | H16: =(F16-$B$3)^2+($B$5*F16^2+$B$6*F16+$B$7-$B$4)^2 -> 39.724638 | I16: =IF(J16="yes","-",IF(G16<H16,"left: b = x2","right: a = x1")) -> right: a = x1 | J16: =IF(D16<$B$10,"yes","no") -> no
A17: 4 | B17: =IF(J16="yes",B16,IF(G16<H16,B16,E16)) -> -0.69504832 | C17: =IF(J16="yes",C16,IF(G16<H16,F16,C16)) -> -0.11145618 | D17: =C17-B17 -> 0.58359214 | E17: =B17+$F$4*(C17-B17) -> -0.47213595 | F17: =C17-$F$4*(C17-B17) -> -0.33436854 | G17: =(E17-$B$3)^2+($B$5*E17^2+$B$6*E17+$B$7-$B$4)^2 -> 39.724638 | H17: =(F17-$B$3)^2+($B$5*F17^2+$B$6*F17+$B$7-$B$4)^2 -> 39.567377 | I17: =IF(J17="yes","-",IF(G17<H17,"left: b = x2","right: a = x1")) -> right: a = x1 | J17: =IF(D17<$B$10,"yes","no") -> no
A18: 5 | B18: =IF(J17="yes",B17,IF(G17<H17,B17,E17)) -> -0.47213595 | C18: =IF(J17="yes",C17,IF(G17<H17,F17,C17)) -> -0.11145618 | D18: =C18-B18 -> 0.36067977 | E18: =B18+$F$4*(C18-B18) -> -0.33436854 | F18: =C18-$F$4*(C18-B18) -> -0.24922359 | G18: =(E18-$B$3)^2+($B$5*E18^2+$B$6*E18+$B$7-$B$4)^2 -> 39.567377 | H18: =(F18-$B$3)^2+($B$5*F18^2+$B$6*F18+$B$7-$B$4)^2 -> 39.693306 | I18: =IF(J18="yes","-",IF(G18<H18,"left: b = x2","right: a = x1")) -> left: b = x2 | J18: =IF(D18<$B$10,"yes","no") -> no
A19: 6 | B19: =IF(J18="yes",B18,IF(G18<H18,B18,E18)) -> -0.47213595 | C19: =IF(J18="yes",C18,IF(G18<H18,F18,C18)) -> -0.24922359 | D19: =C19-B19 -> 0.22291236 | E19: =B19+$F$4*(C19-B19) -> -0.38699101 | F19: =C19-$F$4*(C19-B19) -> -0.33436854 | G19: =(E19-$B$3)^2+($B$5*E19^2+$B$6*E19+$B$7-$B$4)^2 -> 39.573883 | H19: =(F19-$B$3)^2+($B$5*F19^2+$B$6*F19+$B$7-$B$4)^2 -> 39.567377 | I19: =IF(J19="yes","-",IF(G19<H19,"left: b = x2","right: a = x1")) -> right: a = x1 | J19: =IF(D19<$B$10,"yes","no") -> no
A20: 7 | B20: =IF(J19="yes",B19,IF(G19<H19,B19,E19)) -> -0.38699101 | C20: =IF(J19="yes",C19,IF(G19<H19,F19,C19)) -> -0.24922359 | D20: =C20-B20 -> 0.13776741 | E20: =B20+$F$4*(C20-B20) -> -0.33436854 | F20: =C20-$F$4*(C20-B20) -> -0.30184606 | G20: =(E20-$B$3)^2+($B$5*E20^2+$B$6*E20+$B$7-$B$4)^2 -> 39.567377 | H20: =(F20-$B$3)^2+($B$5*F20^2+$B$6*F20+$B$7-$B$4)^2 -> 39.595754 | I20: =IF(J20="yes","-",IF(G20<H20,"left: b = x2","right: a = x1")) -> left: b = x2 | J20: =IF(D20<$B$10,"yes","no") -> no
A21: 8 | B21: =IF(J20="yes",B20,IF(G20<H20,B20,E20)) -> -0.38699101 | C21: =IF(J20="yes",C20,IF(G20<H20,F20,C20)) -> -0.30184606 | D21: =C21-B21 -> 0.085144945 | E21: =B21+$F$4*(C21-B21) -> -0.35446853 | F21: =C21-$F$4*(C21-B21) -> -0.33436854 | G21: =(E21-$B$3)^2+($B$5*E21^2+$B$6*E21+$B$7-$B$4)^2 -> 39.562166 | H21: =(F21-$B$3)^2+($B$5*F21^2+$B$6*F21+$B$7-$B$4)^2 -> 39.567377 | I21: =IF(J21="yes","-",IF(G21<H21,"left: b = x2","right: a = x1")) -> left: b = x2 | J21: =IF(D21<$B$10,"yes","no") -> no
A22: 9 | B22: =IF(J21="yes",B21,IF(G21<H21,B21,E21)) -> -0.38699101 | C22: =IF(J21="yes",C21,IF(G21<H21,F21,C21)) -> -0.33436854 | D22: =C22-B22 -> 0.05262247 | E22: =B22+$F$4*(C22-B22) -> -0.36689102 | F22: =C22-$F$4*(C22-B22) -> -0.35446853 | G22: =(E22-$B$3)^2+($B$5*E22^2+$B$6*E22+$B$7-$B$4)^2 -> 39.563691 | H22: =(F22-$B$3)^2+($B$5*F22^2+$B$6*F22+$B$7-$B$4)^2 -> 39.562166 | I22: =IF(J22="yes","-",IF(G22<H22,"left: b = x2","right: a = x1")) -> right: a = x1 | J22: =IF(D22<$B$10,"yes","no") -> no
A23: 10 | B23: =IF(J22="yes",B22,IF(G22<H22,B22,E22)) -> -0.36689102 | C23: =IF(J22="yes",C22,IF(G22<H22,F22,C22)) -> -0.33436854 | D23: =C23-B23 -> 0.032522475 | E23: =B23+$F$4*(C23-B23) -> -0.35446853 | F23: =C23-$F$4*(C23-B23) -> -0.34679102 | G23: =(E23-$B$3)^2+($B$5*E23^2+$B$6*E23+$B$7-$B$4)^2 -> 39.562166 | H23: =(F23-$B$3)^2+($B$5*F23^2+$B$6*F23+$B$7-$B$4)^2 -> 39.563039 | I23: =IF(J23="yes","-",IF(G23<H23,"left: b = x2","right: a = x1")) -> left: b = x2 | J23: =IF(D23<$B$10,"yes","no") -> no
A24: 11 | B24: =IF(J23="yes",B23,IF(G23<H23,B23,E23)) -> -0.36689102 | C24: =IF(J23="yes",C23,IF(G23<H23,F23,C23)) -> -0.34679102 | D24: =C24-B24 -> 0.020099995 | E24: =B24+$F$4*(C24-B24) -> -0.3592135 | F24: =C24-$F$4*(C24-B24) -> -0.35446853 | G24: =(E24-$B$3)^2+($B$5*E24^2+$B$6*E24+$B$7-$B$4)^2 -> 39.56232 | H24: =(F24-$B$3)^2+($B$5*F24^2+$B$6*F24+$B$7-$B$4)^2 -> 39.562166 | I24: =IF(J24="yes","-",IF(G24<H24,"left: b = x2","right: a = x1")) -> right: a = x1 | J24: =IF(D24<$B$10,"yes","no") -> no
A25: 12 | B25: =IF(J24="yes",B24,IF(G24<H24,B24,E24)) -> -0.3592135 | C25: =IF(J24="yes",C24,IF(G24<H24,F24,C24)) -> -0.34679102 | D25: =C25-B25 -> 0.01242248 | E25: =B25+$F$4*(C25-B25) -> -0.35446853 | F25: =C25-$F$4*(C25-B25) -> -0.35153599 | G25: =(E25-$B$3)^2+($B$5*E25^2+$B$6*E25+$B$7-$B$4)^2 -> 39.562166 | H25: =(F25-$B$3)^2+($B$5*F25^2+$B$6*F25+$B$7-$B$4)^2 -> 39.562337 | I25: =IF(J25="yes","-",IF(G25<H25,"left: b = x2","right: a = x1")) -> left: b = x2 | J25: =IF(D25<$B$10,"yes","no") -> no
... A62: 49 | B62: =IF(J61="yes",B61,IF(G61<H61,B61,E61)) -> -0.35546969 | C62: =IF(J61="yes",C61,IF(G61<H61,F61,C61)) -> -0.35546962 | D62: =C62-B62 -> 7.4048677e-08 | E62: =B62+$F$4*(C62-B62) -> -0.35546966 | F62: =C62-$F$4*(C62-B62) -> -0.35546965 | G62: =(E62-$B$3)^2+($B$5*E62^2+$B$6*E62+$B$7-$B$4)^2 -> 39.562155 | H62: =(F62-$B$3)^2+($B$5*F62^2+$B$6*F62+$B$7-$B$4)^2 -> 39.562155 | I62: =IF(J62="yes","-",IF(G62<H62,"left: b = x2","right: a = x1")) -> - | J62: =IF(D62<$B$10,"yes","no") -> yes

Sheet Point (-8,0)
A1: Golden section search: shortest distance from (-8, 0) to y = p x^2 + q x + s
A3: x0 (point) | B3: -8 | E3: phi | F3: =(1+SQRT(5))/2 -> 1.618034
A4: y0 (point) | B4: 0 | E4: r = 2 - phi | F4: =2-F3 -> 0.38196601
A5: p (x^2 coefficient) | B5: 1 | E5: Result x* = (a+b)/2 | F5: =(B62+C62)/2 -> -0.67207811
A6: q (x coefficient) | B6: 0 | E6: Result d | F6: =SQRT((F5-$B$3)^2+($B$5*F5^2+$B$6*F5+$B$7-$B$4)^2) -> 9.1334195
A7: s (constant) | B7: 5 | E7: Iterations | F7: =COUNTIF(J13:J62,"no") -> 37
A8: a (initial left end) | B8: -2
A9: b (initial right end) | B9: 2
A10: tol | B10: 1e-07
A12: n | B12: a | C12: b | D12: b - a | E12: x1 = a + r(b - a) | F12: x2 = b - r(b - a) | G12: D(x1) | H12: D(x2) | I12: Keep | J12: Stopped?
A13: 0 | B13: =$B$8 -> -2 | C13: =$B$9 -> 2 | D13: =C13-B13 -> 4 | E13: =B13+$F$4*(C13-B13) -> -0.47213595 | F13: =C13-$F$4*(C13-B13) -> 0.47213595 | G13: =(E13-$B$3)^2+($B$5*E13^2+$B$6*E13+$B$7-$B$4)^2 -> 83.947551 | H13: =(F13-$B$3)^2+($B$5*F13^2+$B$6*F13+$B$7-$B$4)^2 -> 99.055901 | I13: =IF(J13="yes","-",IF(G13<H13,"left: b = x2","right: a = x1")) -> left: b = x2 | J13: =IF(D13<$B$10,"yes","no") -> no
A14: 1 | B14: =IF(J13="yes",B13,IF(G13<H13,B13,E13)) -> -2 | C14: =IF(J13="yes",C13,IF(G13<H13,F13,C13)) -> 0.47213595 | D14: =C14-B14 -> 2.472136 | E14: =B14+$F$4*(C14-B14) -> -1.0557281 | F14: =C14-$F$4*(C14-B14) -> -0.47213595 | G14: =(E14-$B$3)^2+($B$5*E14^2+$B$6*E14+$B$7-$B$4)^2 -> 85.610778 | H14: =(F14-$B$3)^2+($B$5*F14^2+$B$6*F14+$B$7-$B$4)^2 -> 83.947551 | I14: =IF(J14="yes","-",IF(G14<H14,"left: b = x2","right: a = x1")) -> right: a = x1 | J14: =IF(D14<$B$10,"yes","no") -> no
A15: 2 | B15: =IF(J14="yes",B14,IF(G14<H14,B14,E14)) -> -1.0557281 | C15: =IF(J14="yes",C14,IF(G14<H14,F14,C14)) -> 0.47213595 | D15: =C15-B15 -> 1.527864 | E15: =B15+$F$4*(C15-B15) -> -0.47213595 | F15: =C15-$F$4*(C15-B15) -> -0.11145618 | G15: =(E15-$B$3)^2+($B$5*E15^2+$B$6*E15+$B$7-$B$4)^2 -> 83.947551 | H15: =(F15-$B$3)^2+($B$5*F15^2+$B$6*F15+$B$7-$B$4)^2 -> 87.353503 | I15: =IF(J15="yes","-",IF(G15<H15,"left: b = x2","right: a = x1")) -> left: b = x2 | J15: =IF(D15<$B$10,"yes","no") -> no
A16: 3 | B16: =IF(J15="yes",B15,IF(G15<H15,B15,E15)) -> -1.0557281 | C16: =IF(J15="yes",C15,IF(G15<H15,F15,C15)) -> -0.11145618 | D16: =C16-B16 -> 0.94427191 | E16: =B16+$F$4*(C16-B16) -> -0.69504832 | F16: =C16-$F$4*(C16-B16) -> -0.47213595 | G16: =(E16-$B$3)^2+($B$5*E16^2+$B$6*E16+$B$7-$B$4)^2 -> 83.426619 | H16: =(F16-$B$3)^2+($B$5*F16^2+$B$6*F16+$B$7-$B$4)^2 -> 83.947551 | I16: =IF(J16="yes","-",IF(G16<H16,"left: b = x2","right: a = x1")) -> left: b = x2 | J16: =IF(D16<$B$10,"yes","no") -> no
A17: 4 | B17: =IF(J16="yes",B16,IF(G16<H16,B16,E16)) -> -1.0557281 | C17: =IF(J16="yes",C16,IF(G16<H16,F16,C16)) -> -0.47213595 | D17: =C17-B17 -> 0.58359214 | E17: =B17+$F$4*(C17-B17) -> -0.83281573 | F17: =C17-$F$4*(C17-B17) -> -0.69504832 | G17: =(E17-$B$3)^2+($B$5*E17^2+$B$6*E17+$B$7-$B$4)^2 -> 83.785407 | H17: =(F17-$B$3)^2+($B$5*F17^2+$B$6*F17+$B$7-$B$4)^2 -> 83.426619 | I17: =IF(J17="yes","-",IF(G17<H17,"left: b = x2","right: a = x1")) -> right: a = x1 | J17: =IF(D17<$B$10,"yes","no") -> no
A18: 5 | B18: =IF(J17="yes",B17,IF(G17<H17,B17,E17)) -> -0.83281573 | C18: =IF(J17="yes",C17,IF(G17<H17,F17,C17)) -> -0.47213595 | D18: =C18-B18 -> 0.36067977 | E18: =B18+$F$4*(C18-B18) -> -0.69504832 | F18: =C18-$F$4*(C18-B18) -> -0.60990337 | G18: =(E18-$B$3)^2+($B$5*E18^2+$B$6*E18+$B$7-$B$4)^2 -> 83.426619 | H18: =(F18-$B$3)^2+($B$5*F18^2+$B$6*F18+$B$7-$B$4)^2 -> 83.47172 | I18: =IF(J18="yes","-",IF(G18<H18,"left: b = x2","right: a = x1")) -> left: b = x2 | J18: =IF(D18<$B$10,"yes","no") -> no
A19: 6 | B19: =IF(J18="yes",B18,IF(G18<H18,B18,E18)) -> -0.83281573 | C19: =IF(J18="yes",C18,IF(G18<H18,F18,C18)) -> -0.60990337 | D19: =C19-B19 -> 0.22291236 | E19: =B19+$F$4*(C19-B19) -> -0.74767078 | F19: =C19-$F$4*(C19-B19) -> -0.69504832 | G19: =(E19-$B$3)^2+($B$5*E19^2+$B$6*E19+$B$7-$B$4)^2 -> 83.498889 | H19: =(F19-$B$3)^2+($B$5*F19^2+$B$6*F19+$B$7-$B$4)^2 -> 83.426619 | I19: =IF(J19="yes","-",IF(G19<H19,"left: b = x2","right: a = x1")) -> right: a = x1 | J19: =IF(D19<$B$10,"yes","no") -> no
A20: 7 | B20: =IF(J19="yes",B19,IF(G19<H19,B19,E19)) -> -0.74767078 | C20: =IF(J19="yes",C19,IF(G19<H19,F19,C19)) -> -0.60990337 | D20: =C20-B20 -> 0.13776741 | E20: =B20+$F$4*(C20-B20) -> -0.69504832 | F20: =C20-$F$4*(C20-B20) -> -0.66252584 | G20: =(E20-$B$3)^2+($B$5*E20^2+$B$6*E20+$B$7-$B$4)^2 -> 83.426619 | H20: =(F20-$B$3)^2+($B$5*F20^2+$B$6*F20+$B$7-$B$4)^2 -> 83.420601 | I20: =IF(J20="yes","-",IF(G20<H20,"left: b = x2","right: a = x1")) -> right: a = x1 | J20: =IF(D20<$B$10,"yes","no") -> no
A21: 8 | B21: =IF(J20="yes",B20,IF(G20<H20,B20,E20)) -> -0.69504832 | C21: =IF(J20="yes",C20,IF(G20<H20,F20,C20)) -> -0.60990337 | D21: =C21-B21 -> 0.085144945 | E21: =B21+$F$4*(C21-B21) -> -0.66252584 | F21: =C21-$F$4*(C21-B21) -> -0.64242585 | G21: =(E21-$B$3)^2+($B$5*E21^2+$B$6*E21+$B$7-$B$4)^2 -> 83.420601 | H21: =(F21-$B$3)^2+($B$5*F21^2+$B$6*F21+$B$7-$B$4)^2 -> 83.431337 | I21: =IF(J21="yes","-",IF(G21<H21,"left: b = x2","right: a = x1")) -> left: b = x2 | J21: =IF(D21<$B$10,"yes","no") -> no
A22: 9 | B22: =IF(J21="yes",B21,IF(G21<H21,B21,E21)) -> -0.69504832 | C22: =IF(J21="yes",C21,IF(G21<H21,F21,C21)) -> -0.64242585 | D22: =C22-B22 -> 0.05262247 | E22: =B22+$F$4*(C22-B22) -> -0.67494832 | F22: =C22-$F$4*(C22-B22) -> -0.66252584 | G22: =(E22-$B$3)^2+($B$5*E22^2+$B$6*E22+$B$7-$B$4)^2 -> 83.419465 | H22: =(F22-$B$3)^2+($B$5*F22^2+$B$6*F22+$B$7-$B$4)^2 -> 83.420601 | I22: =IF(J22="yes","-",IF(G22<H22,"left: b = x2","right: a = x1")) -> left: b = x2 | J22: =IF(D22<$B$10,"yes","no") -> no
A23: 10 | B23: =IF(J22="yes",B22,IF(G22<H22,B22,E22)) -> -0.69504832 | C23: =IF(J22="yes",C22,IF(G22<H22,F22,C22)) -> -0.66252584 | D23: =C23-B23 -> 0.032522475 | E23: =B23+$F$4*(C23-B23) -> -0.68262583 | F23: =C23-$F$4*(C23-B23) -> -0.67494832 | G23: =(E23-$B$3)^2+($B$5*E23^2+$B$6*E23+$B$7-$B$4)^2 -> 83.420881 | H23: =(F23-$B$3)^2+($B$5*F23^2+$B$6*F23+$B$7-$B$4)^2 -> 83.419465 | I23: =IF(J23="yes","-",IF(G23<H23,"left: b = x2","right: a = x1")) -> right: a = x1 | J23: =IF(D23<$B$10,"yes","no") -> no
A24: 11 | B24: =IF(J23="yes",B23,IF(G23<H23,B23,E23)) -> -0.68262583 | C24: =IF(J23="yes",C23,IF(G23<H23,F23,C23)) -> -0.66252584 | D24: =C24-B24 -> 0.020099995 | E24: =B24+$F$4*(C24-B24) -> -0.67494832 | F24: =C24-$F$4*(C24-B24) -> -0.67020335 | G24: =(E24-$B$3)^2+($B$5*E24^2+$B$6*E24+$B$7-$B$4)^2 -> 83.419465 | H24: =(F24-$B$3)^2+($B$5*F24^2+$B$6*F24+$B$7-$B$4)^2 -> 83.4194 | I24: =IF(J24="yes","-",IF(G24<H24,"left: b = x2","right: a = x1")) -> right: a = x1 | J24: =IF(D24<$B$10,"yes","no") -> no
A25: 12 | B25: =IF(J24="yes",B24,IF(G24<H24,B24,E24)) -> -0.67494832 | C25: =IF(J24="yes",C24,IF(G24<H24,F24,C24)) -> -0.66252584 | D25: =C25-B25 -> 0.01242248 | E25: =B25+$F$4*(C25-B25) -> -0.67020335 | F25: =C25-$F$4*(C25-B25) -> -0.66727081 | G25: =(E25-$B$3)^2+($B$5*E25^2+$B$6*E25+$B$7-$B$4)^2 -> 83.4194 | H25: =(F25-$B$3)^2+($B$5*F25^2+$B$6*F25+$B$7-$B$4)^2 -> 83.419669 | I25: =IF(J25="yes","-",IF(G25<H25,"left: b = x2","right: a = x1")) -> left: b = x2 | J25: =IF(D25<$B$10,"yes","no") -> no
... A62: 49 | B62: =IF(J61="yes",B61,IF(G61<H61,B61,E61)) -> -0.67207815 | C62: =IF(J61="yes",C61,IF(G61<H61,F61,C61)) -> -0.67207807 | D62: =C62-B62 -> 7.4048677e-08 | E62: =B62+$F$4*(C62-B62) -> -0.67207812 | F62: =C62-$F$4*(C62-B62) -> -0.6720781 | G62: =(E62-$B$3)^2+($B$5*E62^2+$B$6*E62+$B$7-$B$4)^2 -> 83.419352 | H62: =(F62-$B$3)^2+($B$5*F62^2+$B$6*F62+$B$7-$B$4)^2 -> 83.419352 | I62: =IF(J62="yes","-",IF(G62<H62,"left: b = x2","right: a = x1")) -> - | J62: =IF(D62<$B$10,"yes","no") -> yes

Sheet Point (2,0)
A1: Golden section search: shortest distance from (2, 0) to y = p x^2 + q x + s
A3: x0 (point) | B3: 2 | E3: phi | F3: =(1+SQRT(5))/2 -> 1.618034
A4: y0 (point) | B4: 0 | E4: r = 2 - phi | F4: =2-F3 -> 0.38196601
A5: p (x^2 coefficient) | B5: 1 | E5: Result x* = (a+b)/2 | F5: =(B62+C62)/2 -> 0.18074464
A6: q (x coefficient) | B6: 0 | E6: Result d | F6: =SQRT((F5-$B$3)^2+($B$5*F5^2+$B$6*F5+$B$7-$B$4)^2) -> 5.3513964
A7: s (constant) | B7: 5 | E7: Iterations | F7: =COUNTIF(J13:J62,"no") -> 37
A8: a (initial left end) | B8: -2
A9: b (initial right end) | B9: 2
A10: tol | B10: 1e-07
A12: n | B12: a | C12: b | D12: b - a | E12: x1 = a + r(b - a) | F12: x2 = b - r(b - a) | G12: D(x1) | H12: D(x2) | I12: Keep | J12: Stopped?
A13: 0 | B13: =$B$8 -> -2 | C13: =$B$9 -> 2 | D13: =C13-B13 -> 4 | E13: =B13+$F$4*(C13-B13) -> -0.47213595 | F13: =C13-$F$4*(C13-B13) -> 0.47213595 | G13: =(E13-$B$3)^2+($B$5*E13^2+$B$6*E13+$B$7-$B$4)^2 -> 33.39027 | H13: =(F13-$B$3)^2+($B$5*F13^2+$B$6*F13+$B$7-$B$4)^2 -> 29.613182 | I13: =IF(J13="yes","-",IF(G13<H13,"left: b = x2","right: a = x1")) -> right: a = x1 | J13: =IF(D13<$B$10,"yes","no") -> no
A14: 1 | B14: =IF(J13="yes",B13,IF(G13<H13,B13,E13)) -> -0.47213595 | C14: =IF(J13="yes",C13,IF(G13<H13,F13,C13)) -> 2 | D14: =C14-B14 -> 2.472136 | E14: =B14+$F$4*(C14-B14) -> 0.47213595 | F14: =C14-$F$4*(C14-B14) -> 1.0557281 | G14: =(E14-$B$3)^2+($B$5*E14^2+$B$6*E14+$B$7-$B$4)^2 -> 29.613182 | H14: =(F14-$B$3)^2+($B$5*F14^2+$B$6*F14+$B$7-$B$4)^2 -> 38.279515 | I14: =IF(J14="yes","-",IF(G14<H14,"left: b = x2","right: a = x1")) -> left: b = x2 | J14: =IF(D14<$B$10,"yes","no") -> no
A15: 2 | B15: =IF(J14="yes",B14,IF(G14<H14,B14,E14)) -> -0.47213595 | C15: =IF(J14="yes",C14,IF(G14<H14,F14,C14)) -> 1.0557281 | D15: =C15-B15 -> 1.527864 | E15: =B15+$F$4*(C15-B15) -> 0.11145618 | F15: =C15-$F$4*(C15-B15) -> 0.47213595 | G15: =(E15-$B$3)^2+($B$5*E15^2+$B$6*E15+$B$7-$B$4)^2 -> 28.690977 | H15: =(F15-$B$3)^2+($B$5*F15^2+$B$6*F15+$B$7-$B$4)^2 -> 29.613182 | I15: =IF(J15="yes","-",IF(G15<H15,"left: b = x2","right: a = x1")) -> left: b = x2 | J15: =IF(D15<$B$10,"yes","no") -> no
A16: 3 | B16: =IF(J15="yes",B15,IF(G15<H15,B15,E15)) -> -0.47213595 | C16: =IF(J15="yes",C15,IF(G15<H15,F15,C15)) -> 0.47213595 | D16: =C16-B16 -> 0.94427191 | E16: =B16+$F$4*(C16-B16) -> -0.11145618 | F16: =C16-$F$4*(C16-B16) -> 0.11145618 | G16: =(E16-$B$3)^2+($B$5*E16^2+$B$6*E16+$B$7-$B$4)^2 -> 29.582626 | H16: =(F16-$B$3)^2+($B$5*F16^2+$B$6*F16+$B$7-$B$4)^2 -> 28.690977 | I16: =IF(J16="yes","-",IF(G16<H16,"left: b = x2","right: a = x1")) -> right: a = x1 | J16: =IF(D16<$B$10,"yes","no") -> no
A17: 4 | B17: =IF(J16="yes",B16,IF(G16<H16,B16,E16)) -> -0.11145618 | C17: =IF(J16="yes",C16,IF(G16<H16,F16,C16)) -> 0.47213595 | D17: =C17-B17 -> 0.58359214 | E17: =B17+$F$4*(C17-B17) -> 0.11145618 | F17: =C17-$F$4*(C17-B17) -> 0.24922359 | G17: =(E17-$B$3)^2+($B$5*E17^2+$B$6*E17+$B$7-$B$4)^2 -> 28.690977 | H17: =(F17-$B$3)^2+($B$5*F17^2+$B$6*F17+$B$7-$B$4)^2 -> 28.6902 | I17: =IF(J17="yes","-",IF(G17<H17,"left: b = x2","right: a = x1")) -> right: a = x1 | J17: =IF(D17<$B$10,"yes","no") -> no
A18: 5 | B18: =IF(J17="yes",B17,IF(G17<H17,B17,E17)) -> 0.11145618 | C18: =IF(J17="yes",C17,IF(G17<H17,F17,C17)) -> 0.47213595 | D18: =C18-B18 -> 0.36067977 | E18: =B18+$F$4*(C18-B18) -> 0.24922359 | F18: =C18-$F$4*(C18-B18) -> 0.33436854 | G18: =(E18-$B$3)^2+($B$5*E18^2+$B$6*E18+$B$7-$B$4)^2 -> 28.6902 | H18: =(F18-$B$3)^2+($B$5*F18^2+$B$6*F18+$B$7-$B$4)^2 -> 28.904851 | I18: =IF(J18="yes","-",IF(G18<H18,"left: b = x2","right: a = x1")) -> left: b = x2 | J18: =IF(D18<$B$10,"yes","no") -> no
A19: 6 | B19: =IF(J18="yes",B18,IF(G18<H18,B18,E18)) -> 0.11145618 | C19: =IF(J18="yes",C18,IF(G18<H18,F18,C18)) -> 0.33436854 | D19: =C19-B19 -> 0.22291236 | E19: =B19+$F$4*(C19-B19) -> 0.19660113 | F19: =C19-$F$4*(C19-B19) -> 0.24922359 | G19: =(E19-$B$3)^2+($B$5*E19^2+$B$6*E19+$B$7-$B$4)^2 -> 28.640262 | H19: =(F19-$B$3)^2+($B$5*F19^2+$B$6*F19+$B$7-$B$4)^2 -> 28.6902 | I19: =IF(J19="yes","-",IF(G19<H19,"left: b = x2","right: a = x1")) -> left: b = x2 | J19: =IF(D19<$B$10,"yes","no") -> no
A20: 7 | B20: =IF(J19="yes",B19,IF(G19<H19,B19,E19)) -> 0.11145618 | C20: =IF(J19="yes",C19,IF(G19<H19,F19,C19)) -> 0.24922359 | D20: =C20-B20 -> 0.13776741 | E20: =B20+$F$4*(C20-B20) -> 0.16407865 | F20: =C20-$F$4*(C20-B20) -> 0.19660113 | G20: =(E20-$B$3)^2+($B$5*E20^2+$B$6*E20+$B$7-$B$4)^2 -> 28.64055 | H20: =(F20-$B$3)^2+($B$5*F20^2+$B$6*F20+$B$7-$B$4)^2 -> 28.640262 | I20: =IF(J20="yes","-",IF(G20<H20,"left: b = x2","right: a = x1")) -> right: a = x1 | J20: =IF(D20<$B$10,"yes","no") -> no
A21: 8 | B21: =IF(J20="yes",B20,IF(G20<H20,B20,E20)) -> 0.16407865 | C21: =IF(J20="yes",C20,IF(G20<H20,F20,C20)) -> 0.24922359 | D21: =C21-B21 -> 0.085144945 | E21: =B21+$F$4*(C21-B21) -> 0.19660113 | F21: =C21-$F$4*(C21-B21) -> 0.21670112 | G21: =(E21-$B$3)^2+($B$5*E21^2+$B$6*E21+$B$7-$B$4)^2 -> 28.640262 | H21: =(F21-$B$3)^2+($B$5*F21^2+$B$6*F21+$B$7-$B$4)^2 -> 28.651954 | I21: =IF(J21="yes","-",IF(G21<H21,"left: b = x2","right: a = x1")) -> left: b = x2 | J21: =IF(D21<$B$10,"yes","no") -> no
A22: 9 | B22: =IF(J21="yes",B21,IF(G21<H21,B21,E21)) -> 0.16407865 | C22: =IF(J21="yes",C21,IF(G21<H21,F21,C21)) -> 0.21670112 | D22: =C22-B22 -> 0.05262247 | E22: =B22+$F$4*(C22-B22) -> 0.18417864 | F22: =C22-$F$4*(C22-B22) -> 0.19660113 | G22: =(E22-$B$3)^2+($B$5*E22^2+$B$6*E22+$B$7-$B$4)^2 -> 28.637576 | H22: =(F22-$B$3)^2+($B$5*F22^2+$B$6*F22+$B$7-$B$4)^2 -> 28.640262 | I22: =IF(J22="yes","-",IF(G22<H22,"left: b = x2","right: a = x1")) -> left: b = x2 | J22: =IF(D22<$B$10,"yes","no") -> no
A23: 10 | B23: =IF(J22="yes",B22,IF(G22<H22,B22,E22)) -> 0.16407865 | C23: =IF(J22="yes",C22,IF(G22<H22,F22,C22)) -> 0.19660113 | D23: =C23-B23 -> 0.032522475 | E23: =B23+$F$4*(C23-B23) -> 0.17650113 | F23: =C23-$F$4*(C23-B23) -> 0.18417864 | G23: =(E23-$B$3)^2+($B$5*E23^2+$B$6*E23+$B$7-$B$4)^2 -> 28.637645 | H23: =(F23-$B$3)^2+($B$5*F23^2+$B$6*F23+$B$7-$B$4)^2 -> 28.637576 | I23: =IF(J23="yes","-",IF(G23<H23,"left: b = x2","right: a = x1")) -> right: a = x1 | J23: =IF(D23<$B$10,"yes","no") -> no
A24: 11 | B24: =IF(J23="yes",B23,IF(G23<H23,B23,E23)) -> 0.17650113 | C24: =IF(J23="yes",C23,IF(G23<H23,F23,C23)) -> 0.19660113 | D24: =C24-B24 -> 0.020099995 | E24: =B24+$F$4*(C24-B24) -> 0.18417864 | F24: =C24-$F$4*(C24-B24) -> 0.18892361 | G24: =(E24-$B$3)^2+($B$5*E24^2+$B$6*E24+$B$7-$B$4)^2 -> 28.637576 | H24: =(F24-$B$3)^2+($B$5*F24^2+$B$6*F24+$B$7-$B$4)^2 -> 28.638193 | I24: =IF(J24="yes","-",IF(G24<H24,"left: b = x2","right: a = x1")) -> left: b = x2 | J24: =IF(D24<$B$10,"yes","no") -> no
A25: 12 | B25: =IF(J24="yes",B24,IF(G24<H24,B24,E24)) -> 0.17650113 | C25: =IF(J24="yes",C24,IF(G24<H24,F24,C24)) -> 0.18892361 | D25: =C25-B25 -> 0.01242248 | E25: =B25+$F$4*(C25-B25) -> 0.1812461 | F25: =C25-$F$4*(C25-B25) -> 0.18417864 | G25: =(E25-$B$3)^2+($B$5*E25^2+$B$6*E25+$B$7-$B$4)^2 -> 28.637446 | H25: =(F25-$B$3)^2+($B$5*F25^2+$B$6*F25+$B$7-$B$4)^2 -> 28.637576 | I25: =IF(J25="yes","-",IF(G25<H25,"left: b = x2","right: a = x1")) -> left: b = x2 | J25: =IF(D25<$B$10,"yes","no") -> no
... A62: 49 | B62: =IF(J61="yes",B61,IF(G61<H61,B61,E61)) -> 0.18074461 | C62: =IF(J61="yes",C61,IF(G61<H61,F61,C61)) -> 0.18074468 | D62: =C62-B62 -> 7.4048677e-08 | E62: =B62+$F$4*(C62-B62) -> 0.18074464 | F62: =C62-$F$4*(C62-B62) -> 0.18074465 | G62: =(E62-$B$3)^2+($B$5*E62^2+$B$6*E62+$B$7-$B$4)^2 -> 28.637444 | H62: =(F62-$B$3)^2+($B$5*F62^2+$B$6*F62+$B$7-$B$4)^2 -> 28.637444 | I62: =IF(J62="yes","-",IF(G62<H62,"left: b = x2","right: a = x1")) -> - | J62: =IF(D62<$B$10,"yes","no") -> yes

Sheet Point (6,0)
A1: Golden section search: shortest distance from (6, 0) to y = p x^2 + q x + s
A3: x0 (point) | B3: 6 | E3: phi | F3: =(1+SQRT(5))/2 -> 1.618034
A4: y0 (point) | B4: 0 | E4: r = 2 - phi | F4: =2-F3 -> 0.38196601
A5: p (x^2 coefficient) | B5: 1 | E5: Result x* = (a+b)/2 | F5: =(B62+C62)/2 -> 0.51990375
A6: q (x coefficient) | B6: 0 | E6: Result d | F6: =SQRT((F5-$B$3)^2+($B$5*F5^2+$B$6*F5+$B$7-$B$4)^2) -> 7.6031254
A7: s (constant) | B7: 5 | E7: Iterations | F7: =COUNTIF(J13:J62,"no") -> 37
A8: a (initial left end) | B8: -2
A9: b (initial right end) | B9: 2
A10: tol | B10: 1e-07
A12: n | B12: a | C12: b | D12: b - a | E12: x1 = a + r(b - a) | F12: x2 = b - r(b - a) | G12: D(x1) | H12: D(x2) | I12: Keep | J12: Stopped?
A13: 0 | B13: =$B$8 -> -2 | C13: =$B$9 -> 2 | D13: =C13-B13 -> 4 | E13: =B13+$F$4*(C13-B13) -> -0.47213595 | F13: =C13-$F$4*(C13-B13) -> 0.47213595 | G13: =(E13-$B$3)^2+($B$5*E13^2+$B$6*E13+$B$7-$B$4)^2 -> 69.167357 | H13: =(F13-$B$3)^2+($B$5*F13^2+$B$6*F13+$B$7-$B$4)^2 -> 57.836094 | I13: =IF(J13="yes","-",IF(G13<H13,"left: b = x2","right: a = x1")) -> right: a = x1 | J13: =IF(D13<$B$10,"yes","no") -> no
A14: 1 | B14: =IF(J13="yes",B13,IF(G13<H13,B13,E13)) -> -0.47213595 | C14: =IF(J13="yes",C13,IF(G13<H13,F13,C13)) -> 2 | D14: =C14-B14 -> 2.472136 | E14: =B14+$F$4*(C14-B14) -> 0.47213595 | F14: =C14-$F$4*(C14-B14) -> 1.0557281 | G14: =(E14-$B$3)^2+($B$5*E14^2+$B$6*E14+$B$7-$B$4)^2 -> 57.836094 | H14: =(F14-$B$3)^2+($B$5*F14^2+$B$6*F14+$B$7-$B$4)^2 -> 61.833691 | I14: =IF(J14="yes","-",IF(G14<H14,"left: b = x2","right: a = x1")) -> left: b = x2 | J14: =IF(D14<$B$10,"yes","no") -> no
A15: 2 | B15: =IF(J14="yes",B14,IF(G14<H14,B14,E14)) -> -0.47213595 | C15: =IF(J14="yes",C14,IF(G14<H14,F14,C14)) -> 1.0557281 | D15: =C15-B15 -> 1.527864 | E15: =B15+$F$4*(C15-B15) -> 0.11145618 | F15: =C15-$F$4*(C15-B15) -> 0.47213595 | G15: =(E15-$B$3)^2+($B$5*E15^2+$B$6*E15+$B$7-$B$4)^2 -> 59.799327 | H15: =(F15-$B$3)^2+($B$5*F15^2+$B$6*F15+$B$7-$B$4)^2 -> 57.836094 | I15: =IF(J15="yes","-",IF(G15<H15,"left: b = x2","right: a = x1")) -> right: a = x1 | J15: =IF(D15<$B$10,"yes","no") -> no
A16: 3 | B16: =IF(J15="yes",B15,IF(G15<H15,B15,E15)) -> 0.11145618 | C16: =IF(J15="yes",C15,IF(G15<H15,F15,C15)) -> 1.0557281 | D16: =C16-B16 -> 0.94427191 | E16: =B16+$F$4*(C16-B16) -> 0.47213595 | F16: =C16-$F$4*(C16-B16) -> 0.69504832 | G16: =(E16-$B$3)^2+($B$5*E16^2+$B$6*E16+$B$7-$B$4)^2 -> 57.836094 | H16: =(F16-$B$3)^2+($B$5*F16^2+$B$6*F16+$B$7-$B$4)^2 -> 58.206812 | I16: =IF(J16="yes","-",IF(G16<H16,"left: b = x2","right: a = x1")) -> left: b = x2 | J16: =IF(D16<$B$10,"yes","no") -> no
A17: 4 | B17: =IF(J16="yes",B16,IF(G16<H16,B16,E16)) -> 0.11145618 | C17: =IF(J16="yes",C16,IF(G16<H16,F16,C16)) -> 0.69504832 | D17: =C17-B17 -> 0.58359214 | E17: =B17+$F$4*(C17-B17) -> 0.33436854 | F17: =C17-$F$4*(C17-B17) -> 0.47213595 | G17: =(E17-$B$3)^2+($B$5*E17^2+$B$6*E17+$B$7-$B$4)^2 -> 58.229903 | H17: =(F17-$B$3)^2+($B$5*F17^2+$B$6*F17+$B$7-$B$4)^2 -> 57.836094 | I17: =IF(J17="yes","-",IF(G17<H17,"left: b = x2","right: a = x1")) -> right: a = x1 | J17: =IF(D17<$B$10,"yes","no") -> no
A18: 5 | B18: =IF(J17="yes",B17,IF(G17<H17,B17,E17)) -> 0.33436854 | C18: =IF(J17="yes",C17,IF(G17<H17,F17,C17)) -> 0.69504832 | D18: =C18-B18 -> 0.36067977 | E18: =B18+$F$4*(C18-B18) -> 0.47213595 | F18: =C18-$F$4*(C18-B18) -> 0.5572809 | G18: =(E18-$B$3)^2+($B$5*E18^2+$B$6*E18+$B$7-$B$4)^2 -> 57.836094 | H18: =(F18-$B$3)^2+($B$5*F18^2+$B$6*F18+$B$7-$B$4)^2 -> 57.82526 | I18: =IF(J18="yes","-",IF(G18<H18,"left: b = x2","right: a = x1")) -> right: a = x1 | J18: =IF(D18<$B$10,"yes","no") -> no
A19: 6 | B19: =IF(J18="yes",B18,IF(G18<H18,B18,E18)) -> 0.47213595 | C19: =IF(J18="yes",C18,IF(G18<H18,F18,C18)) -> 0.69504832 | D19: =C19-B19 -> 0.22291236 | E19: =B19+$F$4*(C19-B19) -> 0.5572809 | F19: =C19-$F$4*(C19-B19) -> 0.60990337 | G19: =(E19-$B$3)^2+($B$5*E19^2+$B$6*E19+$B$7-$B$4)^2 -> 57.82526 | H19: =(F19-$B$3)^2+($B$5*F19^2+$B$6*F19+$B$7-$B$4)^2 -> 57.911334 | I19: =IF(J19="yes","-",IF(G19<H19,"left: b = x2","right: a = x1")) -> left: b = x2 | J19: =IF(D19<$B$10,"yes","no") -> no
A20: 7 | B20: =IF(J19="yes",B19,IF(G19<H19,B19,E19)) -> 0.47213595 | C20: =IF(J19="yes",C19,IF(G19<H19,F19,C19)) -> 0.60990337 | D20: =C20-B20 -> 0.13776741 | E20: =B20+$F$4*(C20-B20) -> 0.52475842 | F20: =C20-$F$4*(C20-B20) -> 0.5572809 | G20: =(E20-$B$3)^2+($B$5*E20^2+$B$6*E20+$B$7-$B$4)^2 -> 57.807814 | H20: =(F20-$B$3)^2+($B$5*F20^2+$B$6*F20+$B$7-$B$4)^2 -> 57.82526 | I20: =IF(J20="yes","-",IF(G20<H20,"left: b = x2","right: a = x1")) -> left: b = x2 | J20: =IF(D20<$B$10,"yes","no") -> no
A21: 8 | B21: =IF(J20="yes",B20,IF(G20<H20,B20,E20)) -> 0.47213595 | C21: =IF(J20="yes",C20,IF(G20<H20,F20,C20)) -> 0.5572809 | D21: =C21-B21 -> 0.085144945 | E21: =B21+$F$4*(C21-B21) -> 0.50465843 | F21: =C21-$F$4*(C21-B21) -> 0.52475842 | G21: =(E21-$B$3)^2+($B$5*E21^2+$B$6*E21+$B$7-$B$4)^2 -> 57.810442 | H21: =(F21-$B$3)^2+($B$5*F21^2+$B$6*F21+$B$7-$B$4)^2 -> 57.807814 | I21: =IF(J21="yes","-",IF(G21<H21,"left: b = x2","right: a = x1")) -> right: a = x1 | J21: =IF(D21<$B$10,"yes","no") -> no
A22: 9 | B22: =IF(J21="yes",B21,IF(G21<H21,B21,E21)) -> 0.50465843 | C22: =IF(J21="yes",C21,IF(G21<H21,F21,C21)) -> 0.5572809 | D22: =C22-B22 -> 0.05262247 | E22: =B22+$F$4*(C22-B22) -> 0.52475842 | F22: =C22-$F$4*(C22-B22) -> 0.53718091 | G22: =(E22-$B$3)^2+($B$5*E22^2+$B$6*E22+$B$7-$B$4)^2 -> 57.807814 | H22: =(F22-$B$3)^2+($B$5*F22^2+$B$6*F22+$B$7-$B$4)^2 -> 57.811295 | I22: =IF(J22="yes","-",IF(G22<H22,"left: b = x2","right: a = x1")) -> left: b = x2 | J22: =IF(D22<$B$10,"yes","no") -> no
A23: 10 | B23: =IF(J22="yes",B22,IF(G22<H22,B22,E22)) -> 0.50465843 | C23: =IF(J22="yes",C22,IF(G22<H22,F22,C22)) -> 0.53718091 | D23: =C23-B23 -> 0.032522475 | E23: =B23+$F$4*(C23-B23) -> 0.51708091 | F23: =C23-$F$4*(C23-B23) -> 0.52475842 | G23: =(E23-$B$3)^2+($B$5*E23^2+$B$6*E23+$B$7-$B$4)^2 -> 57.807617 | H23: =(F23-$B$3)^2+($B$5*F23^2+$B$6*F23+$B$7-$B$4)^2 -> 57.807814 | I23: =IF(J23="yes","-",IF(G23<H23,"left: b = x2","right: a = x1")) -> left: b = x2 | J23: =IF(D23<$B$10,"yes","no") -> no
A24: 11 | B24: =IF(J23="yes",B23,IF(G23<H23,B23,E23)) -> 0.50465843 | C24: =IF(J23="yes",C23,IF(G23<H23,F23,C23)) -> 0.52475842 | D24: =C24-B24 -> 0.020099995 | E24: =B24+$F$4*(C24-B24) -> 0.51233594 | F24: =C24-$F$4*(C24-B24) -> 0.51708091 | G24: =(E24-$B$3)^2+($B$5*E24^2+$B$6*E24+$B$7-$B$4)^2 -> 57.808238 | H24: =(F24-$B$3)^2+($B$5*F24^2+$B$6*F24+$B$7-$B$4)^2 -> 57.807617 | I24: =IF(J24="yes","-",IF(G24<H24,"left: b = x2","right: a = x1")) -> right: a = x1 | J24: =IF(D24<$B$10,"yes","no") -> no
A25: 12 | B25: =IF(J24="yes",B24,IF(G24<H24,B24,E24)) -> 0.51233594 | C25: =IF(J24="yes",C24,IF(G24<H24,F24,C24)) -> 0.52475842 | D25: =C25-B25 -> 0.01242248 | E25: =B25+$F$4*(C25-B25) -> 0.51708091 | F25: =C25-$F$4*(C25-B25) -> 0.52001346 | G25: =(E25-$B$3)^2+($B$5*E25^2+$B$6*E25+$B$7-$B$4)^2 -> 57.807617 | H25: =(F25-$B$3)^2+($B$5*F25^2+$B$6*F25+$B$7-$B$4)^2 -> 57.807516 | I25: =IF(J25="yes","-",IF(G25<H25,"left: b = x2","right: a = x1")) -> right: a = x1 | J25: =IF(D25<$B$10,"yes","no") -> no
... A62: 49 | B62: =IF(J61="yes",B61,IF(G61<H61,B61,E61)) -> 0.51990371 | C62: =IF(J61="yes",C61,IF(G61<H61,F61,C61)) -> 0.51990378 | D62: =C62-B62 -> 7.4048677e-08 | E62: =B62+$F$4*(C62-B62) -> 0.51990374 | F62: =C62-$F$4*(C62-B62) -> 0.51990376 | G62: =(E62-$B$3)^2+($B$5*E62^2+$B$6*E62+$B$7-$B$4)^2 -> 57.807516 | H62: =(F62-$B$3)^2+($B$5*F62^2+$B$6*F62+$B$7-$B$4)^2 -> 57.807516 | I62: =IF(J62="yes","-",IF(G62<H62,"left: b = x2","right: a = x1")) -> - | J62: =IF(D62<$B$10,"yes","no") -> yes
